INSERT INTO RESOURCES (RESOURCE_ID,NAME) VALUES (1,'/user');
INSERT INTO RESOURCES (RESOURCE_ID,NAME) VALUES (2,'/admin');
INSERT INTO RESOURCES (RESOURCE_ID,NAME) VALUES (3,'/home');

INSERT INTO ROLE (ROLE_ID,ROLE_NAME,ROLE_DESC) VALUES (1,'ROLE_ADMIN', '총괄 관리자');
INSERT INTO ROLE (ROLE_ID,ROLE_NAME,ROLE_DESC) VALUES (2,'ROLE_DIRECTOR', '운영자');
INSERT INTO ROLE (ROLE_ID,ROLE_NAME,ROLE_DESC) VALUES (3,'ROLE_MANAGER', '매니저');
INSERT INTO ROLE (ROLE_ID,ROLE_NAME,ROLE_DESC) VALUES (4,'ROLE_LEADER', '리더');
INSERT INTO ROLE (ROLE_ID,ROLE_NAME,ROLE_DESC) VALUES (5,'ROLE_ASSISTANT', '보조자');
INSERT INTO ROLE (ROLE_ID,ROLE_NAME,ROLE_DESC) VALUES (6,'ROLE_USER', '일반사용자');
INSERT INTO ROLE (ROLE_ID,ROLE_NAME,ROLE_DESC) VALUES (7,'USER_BOARD_VIEW', '일반사용자 게시판 조회 권한');
INSERT INTO ROLE (ROLE_ID,ROLE_NAME,ROLE_DESC) VALUES (8,'USER_BOARD_INSERT', '일반사용자 게시판 등록 권한');
INSERT INTO ROLE (ROLE_ID,ROLE_NAME,ROLE_DESC) VALUES (9,'USER_BOARD_UPDATE', '일반사용자 게시판 수정 권한');
INSERT INTO ROLE (ROLE_ID,ROLE_NAME,ROLE_DESC) VALUES (10,'USER_BOARD_DELETE', '일반사용자 게시판 삭제 권한');
INSERT INTO ROLE (ROLE_ID,ROLE_NAME,ROLE_DESC) VALUES (11,'ADMIN_BOARD_VIEW', '관리자 게시판 조회 권한');
INSERT INTO ROLE (ROLE_ID,ROLE_NAME,ROLE_DESC) VALUES (12,'ADMIN_BOARD_INSERT', '관리자 게시판 등록 권한');
INSERT INTO ROLE (ROLE_ID,ROLE_NAME,ROLE_DESC) VALUES (13,'ADMIN_BOARD_UPDATE', '관리자 게시판 수정 권한');
INSERT INTO ROLE (ROLE_ID,ROLE_NAME,ROLE_DESC) VALUES (14,'ADMIN_BOARD_DELETE', '관리자 게시판 삭제 권한');
INSERT INTO ROLE (ROLE_ID,ROLE_NAME,ROLE_DESC) VALUES (15,'COMMON_VIEW', '공통화면 조회 권한');

INSERT INTO ROLE_RESOURCE (ID,ROLE_ID,RESOURCE_ID) VALUES (1,1,2);
INSERT INTO ROLE_RESOURCE (ID,ROLE_ID,RESOURCE_ID) VALUES (2,2,1);
INSERT INTO ROLE_RESOURCE (ID,ROLE_ID,RESOURCE_ID) VALUES (3,1,3);
INSERT INTO ROLE_RESOURCE (ID,ROLE_ID,RESOURCE_ID) VALUES (7,2,3);
INSERT INTO ROLE_RESOURCE (ID,ROLE_ID,RESOURCE_ID) VALUES (8,6,3);
--INSERT INTO ROLE_RESOURCE(ID,ROLE_ID,RESOURCE_ID) VALUES (8,1,1);

--PASSWORD : wonwoo
INSERT INTO USERS(USER_ID,USERNAME,PASSWORD) VALUES (1,'wonwoo','$2A$10$QU0G1MVP3M0DKEFXHIVMNOWNSHJW99TIPOI78SCYB8B1GHUEQN7YO');
--PASSWORD : kevin
INSERT INTO USERS(USER_ID,USERNAME,PASSWORD) VALUES (2,'kevin','$2A$10$02QVKDF8I9CZ8AAYAYGJ/UFSST8EHCRK5OQ9LGGVA4RW28/SBSPH6');
--PASSWORD : denied
INSERT INTO USERS(USER_ID,USERNAME,PASSWORD) VALUES (3,'denied','$2A$10$LNRVEVHGRQMF.XZQSXQATOWPUUEERYNS.J3Q8PUSA7H7FCLKN2/XO');

INSERT INTO AUTHORITIES(ID,USER_ID,USER_ROLE) VALUES (1,1,1);
INSERT INTO AUTHORITIES(ID,USER_ID,USER_ROLE) VALUES (2,2,2);

INSERT INTO ROLE_HIERARCHY (PARENT_ROLE_ID, ROLE_ID, ROLE_NAME) VALUES(NULL, 1, '총괄 관리자');
INSERT INTO ROLE_HIERARCHY (PARENT_ROLE_ID, ROLE_ID, ROLE_NAME) VALUES(1, 2, '운영자');
INSERT INTO ROLE_HIERARCHY (PARENT_ROLE_ID, ROLE_ID, ROLE_NAME) VALUES(2, 3, '매니저');
INSERT INTO ROLE_HIERARCHY (PARENT_ROLE_ID, ROLE_ID, ROLE_NAME) VALUES(3, 4, '리더');
INSERT INTO ROLE_HIERARCHY (PARENT_ROLE_ID, ROLE_ID, ROLE_NAME) VALUES(4, 5, '보조자');
INSERT INTO ROLE_HIERARCHY (PARENT_ROLE_ID, ROLE_ID, ROLE_NAME) VALUES(5, 6, '일반사용자');


INSERT INTO GROUPS (GROUP_ID, GROUP_NAME) VALUES (1, '시스템 관리자');
INSERT INTO GROUPS (GROUP_ID, GROUP_NAME) VALUES (2, '시스템 부관리자');
INSERT INTO GROUPS (GROUP_ID, GROUP_NAME) VALUES (3, '시스템 운영자');

INSERT INTO GROUPS_USER (ID,GROUP_ID, USER_ID) VALUES (1, 1, 1);
INSERT INTO GROUPS_USER (ID,GROUP_ID, USER_ID) VALUES (2, 2, 2);
INSERT INTO GROUPS_USER (ID,GROUP_ID, USER_ID) VALUES (3, 3, 3);

INSERT INTO GROUPS_ROLE (ID, GROUP_ID, ROLE_ID) VALUES (1, 1, 1);
INSERT INTO GROUPS_ROLE (ID, GROUP_ID, ROLE_ID) VALUES (2, 1, 11);
INSERT INTO GROUPS_ROLE (ID, GROUP_ID, ROLE_ID) VALUES (3, 1, 12);
INSERT INTO GROUPS_ROLE (ID, GROUP_ID, ROLE_ID) VALUES (4, 1, 13);
INSERT INTO GROUPS_ROLE (ID, GROUP_ID, ROLE_ID) VALUES (5, 1, 14);
INSERT INTO GROUPS_ROLE (ID, GROUP_ID, ROLE_ID) VALUES (6, 2, 2);
INSERT INTO GROUPS_ROLE (ID, GROUP_ID, ROLE_ID) VALUES (7, 2, 3);
INSERT INTO GROUPS_ROLE (ID, GROUP_ID, ROLE_ID) VALUES (8, 2, 4);
INSERT INTO GROUPS_ROLE (ID, GROUP_ID, ROLE_ID) VALUES (9, 2, 7);
INSERT INTO GROUPS_ROLE (ID, GROUP_ID, ROLE_ID) VALUES (10, 2, 8);
INSERT INTO GROUPS_ROLE (ID, GROUP_ID, ROLE_ID) VALUES (11, 2, 9);
INSERT INTO GROUPS_ROLE (ID, GROUP_ID, ROLE_ID) VALUES (12, 2, 10);
INSERT INTO GROUPS_ROLE (ID, GROUP_ID, ROLE_ID) VALUES (13, 3, 5);
INSERT INTO GROUPS_ROLE (ID, GROUP_ID, ROLE_ID) VALUES (14, 3, 6);
INSERT INTO GROUPS_ROLE (ID, GROUP_ID, ROLE_ID) VALUES (15, 1, 15);
INSERT INTO GROUPS_ROLE (ID, GROUP_ID, ROLE_ID) VALUES (16, 2, 15);
INSERT INTO GROUPS_ROLE (ID, GROUP_ID, ROLE_ID) VALUES (17, 3, 15);
